"SPECIES_CODE","common_name","log_ratio","var","ratio","ratio_bc","ratio_lci","ratio_uci"
69322,"red king crab",-0.0178813277534136,0.400656693085159,0.982277594530731,1.20015056383908,1.06540665097023,1.3519357839296
68580,"snow crab",0.265934075177686,0.625779499393721,1.3046490470952,1.78393897168252,1.49471705201983,2.12912420473641
68560,"Tanner crab",0.228355452821166,0.582527970951684,1.25653188386542,1.68138765617827,1.40629641332033,2.01029059277329
